{"stats":{"minecraft:picked_up":{"minecraft:mutton":4,"minecraft:white_wool":2,"minecraft:dirt":4},"minecraft:used":{"minecraft:dirt":4},"minecraft:custom":{"minecraft:jump":32,"minecraft:time_since_rest":777,"minecraft:damage_dealt":160,"minecraft:leave_game":1,"minecraft:sprint_one_cm":1259,"minecraft:play_time":777,"minecraft:time_since_death":777,"minecraft:walk_one_cm":1838,"minecraft:total_world_time":777,"minecraft:mob_kills":2,"minecraft:fall_one_cm":627,"minecraft:fly_one_cm":3644},"minecraft:killed":{"minecraft:sheep":2},"minecraft:mined":{"minecraft:grass_block":3,"minecraft:dirt":1}},"DataVersion":3465}